issue,run_time
Full DST,24.848682761192322
No Issue,14.000648657480875
Wrong Timezone,107.26202821731567
