data_sampling_frequency,mean_absolute_error_time_series
1,1.70548173884654
15,2.499753369818256
30,1.3458919104359777
60,4.566173445393444
