data_sampling_frequency,mean_absolute_error_time_series
1,1.8984743514134148
15,1.729425573654835
30,1.7010007977468313
60,4.734657405015671
