issue,mean_absolute_error_time_series
Full DST,3.0999202111723507
No Issue,1.4976179096250255
Partial DST,4.346705153739418
Random Time Shifts,4.92406459629677
Wrong Timezone,1.323756443435245
