issue,mean_absolute_error_time_series
Full DST,2.7799386257445757
No Issue,1.625467193777191
Partial DST,3.6352828740136975
Random Time Shifts,3.734672320497822
Wrong Timezone,2.660606598472302
