{"mean_mean_absolute_error": 2.941027770383051, "mean_run_time": 60.11451336053702}